{
  "beta": 0.8,
  "bias_node": 0,
  "favor_value": 0,
  "graph": "chain",
  "h": 1.0,
  "marginals": {
    "0": [
      0.7310585786300049,
      0.2689414213699951
    ],
    "1": [
      0.5877904671706377,
      0.41220953282936235
    ],
    "2": [
      0.5333558968973852,
      0.46664410310261484
    ],
    "3": [
      0.5126735384112537,
      0.48732646158874626
    ],
    "4": [
      0.5048152977674576,
      0.4951847022325424
    ],
    "5": [
      0.5018295673896954,
      0.49817043261030464
    ]
  },
  "method": "bp_chain_forward_backward",
  "n": 6
}