{
  "beta": 0.8,
  "bias_node": 0,
  "bp_file": "bp_chain_n6_beta0.8_h1.0_bias0_favor0_20260209_203801.json",
  "exact_file": "exact_chain_n6_beta0.8_h1.0_bias0_favor0_20260209_203749.json",
  "favor_value": 0,
  "graph": "chain",
  "h": 1.0,
  "max_l1_error": 8.881784197001252e-16,
  "mean_l1_error": 6.013708050052932e-16,
  "n": 6,
  "per_node": {
    "0": {
      "bp": [
        0.7310585786300049,
        0.2689414213699951
      ],
      "exact": [
        0.731058578630005,
        0.26894142136999516
      ],
      "l1_error": 1.6653345369377348e-16
    },
    "1": {
      "bp": [
        0.5877904671706377,
        0.41220953282936235
      ],
      "exact": [
        0.5877904671706381,
        0.4122095328293623
      ],
      "l1_error": 4.996003610813204e-16
    },
    "2": {
      "bp": [
        0.5333558968973852,
        0.46664410310261484
      ],
      "exact": [
        0.5333558968973856,
        0.46664410310261506
      ],
      "l1_error": 6.661338147750939e-16
    },
    "3": {
      "bp": [
        0.5126735384112537,
        0.48732646158874626
      ],
      "exact": [
        0.5126735384112543,
        0.4873264615887466
      ],
      "l1_error": 8.881784197001252e-16
    },
    "4": {
      "bp": [
        0.5048152977674576,
        0.4951847022325424
      ],
      "exact": [
        0.504815297767458,
        0.49518470223254274
      ],
      "l1_error": 7.771561172376096e-16
    },
    "5": {
      "bp": [
        0.5018295673896954,
        0.49817043261030464
      ],
      "exact": [
        0.5018295673896958,
        0.4981704326103049
      ],
      "l1_error": 6.106226635438361e-16
    }
  }
}