{
  "beta": 0.8,
  "bias_node": 0,
  "favor_value": 0,
  "graph": "chain",
  "h": 1.0,
  "marginals": {
    "0": [
      0.731058578630005,
      0.26894142136999516
    ],
    "1": [
      0.5877904671706381,
      0.4122095328293623
    ],
    "2": [
      0.5333558968973856,
      0.46664410310261506
    ],
    "3": [
      0.5126735384112543,
      0.4873264615887466
    ],
    "4": [
      0.504815297767458,
      0.49518470223254274
    ],
    "5": [
      0.5018295673896958,
      0.4981704326103049
    ]
  },
  "method": "exact_bruteforce",
  "n": 6,
  "partition_Z": 1298.240307993234
}