{
  "beta": 0.8,
  "bias_node": 0,
  "bp_damping": 0.3,
  "bp_max_iters": 50,
  "bp_tol": 1e-09,
  "convergence_deltas": [
    0.06145332701944639,
    0.018435998105833906,
    0.009806633687831301,
    0.004412985159524041,
    0.002347392784532387,
    0.0011736963922662769,
    0.0006243226167420013,
    0.00032776937378953264,
    0.0001977069036571133,
    0.00013182717808235545,
    7.882046068680149e-05,
    4.361122007978668e-05,
    2.2966505594856912e-05,
    1.1832723230131847e-05,
    6.121003142012249e-06,
    3.2408323658028593e-06,
    1.7685976418935212e-06,
    9.893849599595939e-07,
    5.605676532960402e-07,
    3.1793369559274254e-07,
    1.79151704970959e-07,
    1.0001306072204841e-07,
    5.535841895998317e-08,
    3.046742247381218e-08,
    1.673064720097983e-08,
    9.193740935220518e-09,
    5.0645689309014585e-09,
    2.7980939787397574e-09,
    1.5495630334427801e-09,
    8.592536682172636e-10
  ],
  "edges": [
    [
      0,
      1
    ],
    [
      1,
      2
    ],
    [
      0,
      3
    ],
    [
      2,
      4
    ],
    [
      4,
      5
    ],
    [
      0,
      5
    ]
  ],
  "favor_value": 0,
  "graph": "loopy",
  "h": 1.0,
  "marginals": {
    "0": [
      0.733944437737887,
      0.2660555622621131
    ],
    "1": [
      0.5930257886046773,
      0.4069742113953227
    ],
    "2": [
      0.5462382063115385,
      0.4537617936884615
    ],
    "3": [
      0.5888869456630716,
      0.41111305433692846
    ],
    "4": [
      0.5462382063115385,
      0.4537617936884615
    ],
    "5": [
      0.5930257886046773,
      0.4069742113953227
    ]
  },
  "method": "bp_sum_product",
  "n": 6,
  "seed": 0
}