{
  "beta": 1.5,
  "bias_node": 0,
  "bp_damping": 0.3,
  "bp_max_iters": 50,
  "bp_tol": 1e-09,
  "convergence_deltas": [
    0.10272962990986023,
    0.045674031771467005,
    0.027404419062880325,
    0.018276182461499146,
    0.01096570947689951,
    0.00812566870084197,
    0.0054190604609251625,
    0.005113798194024577,
    0.004015778291293348,
    0.0026757078792299382,
    0.0016263965080838272,
    0.0009848406263319731,
    0.0006507762260778982,
    0.000481603395329544,
    0.00037754745696083614,
    0.00029357671020568965,
    0.00021935407715356625,
    0.00015725066265454002,
    0.00010984972200389631,
    7.64059137370321e-05,
    5.384782542189326e-05,
    3.868360012587724e-05,
    2.817163080726104e-05,
    2.0583692596609637e-05,
    1.4965415148671113e-05,
    1.0794630794896953e-05,
    7.737611826930113e-06,
    5.533728113071845e-06,
    3.963377708693372e-06,
    2.848030516533484e-06,
    2.052615537040392e-06,
    1.4813116805401094e-06,
    1.0686151328265225e-06,
    7.698767267583229e-07,
    5.539154278588754e-07,
    3.9825079989341816e-07,
    2.8634151727491286e-07,
    2.0598478434052936e-07,
    1.4826647343202382e-07,
    1.0676016581889769e-07,
    7.68765742176214e-08,
    5.5347215643930525e-08,
    3.983695784359753e-08,
    2.8668084350869094e-08,
    2.0629663199933646e-08,
    1.4846175400151651e-08,
    1.0685241080832242e-08,
    7.691149606081638e-09,
    5.536192837496401e-09,
    3.984942043011586e-09
  ],
  "edges": [
    [
      0,
      1
    ],
    [
      1,
      2
    ],
    [
      0,
      3
    ],
    [
      2,
      4
    ],
    [
      4,
      5
    ],
    [
      0,
      5
    ]
  ],
  "favor_value": 0,
  "graph": "loopy",
  "h": 1.0,
  "marginals": {
    "0": [
      0.7698974296254574,
      0.2301025703745426
    ],
    "1": [
      0.6951745618511666,
      0.30482543814883345
    ],
    "2": [
      0.6613569253362944,
      0.33864307466370563
    ],
    "3": [
      0.6714250655811665,
      0.3285749344188335
    ],
    "4": [
      0.6613569253362944,
      0.33864307466370563
    ],
    "5": [
      0.6951745618511666,
      0.30482543814883345
    ]
  },
  "method": "bp_sum_product",
  "n": 6,
  "seed": 0
}