{
  "beta": 0.2,
  "bias_node": 0,
  "bp_damping": 0.3,
  "bp_max_iters": 50,
  "bp_tol": 1e-09,
  "convergence_deltas": [
    0.016120401621061653,
    0.00483612048631854,
    0.0014508361458955843,
    0.0004352508437687197,
    0.00013057525313064922,
    4.554960769509453e-05,
    1.6399320840132514e-05,
    5.742320914436938e-06,
    1.9714274636650764e-06,
    6.674292482022892e-07,
    2.3199843190990777e-07,
    8.521756889035004e-08,
    3.0776482140559835e-08,
    1.0969664288040804e-08,
    3.87128451517782e-09,
    1.3566253675989515e-09,
    4.947760534612655e-10
  ],
  "edges": [
    [
      0,
      1
    ],
    [
      1,
      2
    ],
    [
      0,
      3
    ],
    [
      2,
      4
    ],
    [
      4,
      5
    ],
    [
      0,
      5
    ]
  ],
  "favor_value": 0,
  "graph": "loopy",
  "h": 1.0,
  "marginals": {
    "0": [
      0.7310621526492795,
      0.26893784735072046
    ],
    "1": [
      0.5230520751598109,
      0.47694792484018916
    ],
    "2": [
      0.5025240473378593,
      0.4974759526621408
    ],
    "3": [
      0.5230295011613071,
      0.47697049883869297
    ],
    "4": [
      0.5025240473378593,
      0.4974759526621408
    ],
    "5": [
      0.5230520751598109,
      0.47694792484018916
    ]
  },
  "method": "bp_sum_product",
  "n": 6,
  "seed": 0
}