{
  "beta": 0.8,
  "bias_node": 0,
  "bp_damping": 0.0,
  "bp_max_iters": 50,
  "bp_tol": 1e-09,
  "convergence_deltas": [
    0.08779046717063765,
    0.03335589689738516,
    0.012673538411253737,
    0.004815297767457594,
    0.0
  ],
  "edges": [
    [
      0,
      1
    ],
    [
      1,
      2
    ],
    [
      0,
      3
    ],
    [
      2,
      4
    ],
    [
      4,
      5
    ]
  ],
  "favor_value": 0,
  "graph": "tree",
  "h": 1.0,
  "marginals": {
    "0": [
      0.7310585786300049,
      0.2689414213699951
    ],
    "1": [
      0.5877904671706377,
      0.41220953282936235
    ],
    "2": [
      0.5333558968973852,
      0.46664410310261484
    ],
    "3": [
      0.5877904671706377,
      0.41220953282936235
    ],
    "4": [
      0.5126735384112537,
      0.48732646158874626
    ],
    "5": [
      0.5048152977674576,
      0.4951847022325424
    ]
  },
  "method": "bp_sum_product",
  "n": 6,
  "seed": 0
}