{
  "beta": 0.8,
  "bias_node": 0,
  "bp_damping": 0.0,
  "bp_max_iters": 50,
  "bp_tol": 1e-09,
  "favor_value": 0,
  "graph": "tree",
  "h": 1.0,
  "max_l1_error": 6.661338147750939e-16,
  "mean_l1_error": 4.625929269271486e-16,
  "method": "compare_exact_vs_bp",
  "n": 6,
  "per_node": {
    "0": {
      "approx": [
        0.7310585786300049,
        0.2689414213699951
      ],
      "exact": [
        0.731058578630005,
        0.2689414213699951
      ],
      "l1_error": 1.1102230246251565e-16
    },
    "1": {
      "approx": [
        0.5877904671706377,
        0.41220953282936235
      ],
      "exact": [
        0.5877904671706381,
        0.4122095328293623
      ],
      "l1_error": 4.996003610813204e-16
    },
    "2": {
      "approx": [
        0.5333558968973852,
        0.46664410310261484
      ],
      "exact": [
        0.5333558968973856,
        0.46664410310261495
      ],
      "l1_error": 5.551115123125783e-16
    },
    "3": {
      "approx": [
        0.5877904671706377,
        0.41220953282936235
      ],
      "exact": [
        0.587790467170638,
        0.4122095328293623
      ],
      "l1_error": 3.885780586188048e-16
    },
    "4": {
      "approx": [
        0.5126735384112537,
        0.48732646158874626
      ],
      "exact": [
        0.5126735384112541,
        0.4873264615887465
      ],
      "l1_error": 5.551115123125783e-16
    },
    "5": {
      "approx": [
        0.5048152977674576,
        0.4951847022325424
      ],
      "exact": [
        0.504815297767458,
        0.49518470223254263
      ],
      "l1_error": 6.661338147750939e-16
    }
  },
  "seed": 0
}