{
  "beta": 0.8,
  "bias_node": 0,
  "bp_damping": 0.3,
  "bp_max_iters": 50,
  "bp_tol": 1e-09,
  "favor_value": 0,
  "graph": "loopy",
  "h": 1.0,
  "max_l1_error": 0.005771718215763888,
  "mean_l1_error": 0.0024727203202691097,
  "method": "compare_exact_vs_bp",
  "n": 6,
  "per_node": {
    "0": {
      "approx": [
        0.733944437737887,
        0.2660555622621131
      ],
      "exact": [
        0.7310585786300051,
        0.2689414213699951
      ],
      "l1_error": 0.005771718215763888
    },
    "1": {
      "approx": [
        0.5930257886046773,
        0.4069742113953227
      ],
      "exact": [
        0.5918782547984671,
        0.4081217452015332
      ],
      "l1_error": 0.0022950676124206537
    },
    "2": {
      "approx": [
        0.5462382063115385,
        0.4537617936884615
      ],
      "exact": [
        0.5456678284375034,
        0.45433217156249706
      ],
      "l1_error": 0.0011407557480707098
    },
    "3": {
      "approx": [
        0.5888869456630716,
        0.41111305433692846
      ],
      "exact": [
        0.5877904671706379,
        0.4122095328293627
      ],
      "l1_error": 0.0021929569848679886
    },
    "4": {
      "approx": [
        0.5462382063115385,
        0.4537617936884615
      ],
      "exact": [
        0.5456678284375034,
        0.4543321715624971
      ],
      "l1_error": 0.0011407557480707653
    },
    "5": {
      "approx": [
        0.5930257886046773,
        0.4069742113953227
      ],
      "exact": [
        0.5918782547984671,
        0.4081217452015332
      ],
      "l1_error": 0.0022950676124206537
    }
  },
  "seed": 0
}