{
  "beta": 1.5,
  "bias_node": 0,
  "bp_damping": 0.3,
  "bp_max_iters": 50,
  "bp_tol": 1e-09,
  "favor_value": 0,
  "graph": "loopy",
  "h": 1.0,
  "max_l1_error": 0.07767770199090465,
  "mean_l1_error": 0.05537288782961906,
  "method": "compare_exact_vs_bp",
  "n": 6,
  "per_node": {
    "0": {
      "approx": [
        0.7698974296254574,
        0.2301025703745426
      ],
      "exact": [
        0.7310585786300055,
        0.2689414213699953
      ],
      "l1_error": 0.07767770199090465
    },
    "1": {
      "approx": [
        0.6951745618511666,
        0.30482543814883345
      ],
      "exact": [
        0.6670885037232748,
        0.33291149627672556
      ],
      "l1_error": 0.05617211625578389
    },
    "2": {
      "approx": [
        0.6613569253362944,
        0.33864307466370563
      ],
      "exact": [
        0.6381373029295958,
        0.36186269707040464
      ],
      "l1_error": 0.04643924481339762
    },
    "3": {
      "approx": [
        0.6714250655811665,
        0.3285749344188335
      ],
      "exact": [
        0.6467566141569433,
        0.353243385843057
      ],
      "l1_error": 0.04933690284844672
    },
    "4": {
      "approx": [
        0.6613569253362944,
        0.33864307466370563
      ],
      "exact": [
        0.6381373029295958,
        0.36186269707040464
      ],
      "l1_error": 0.04643924481339762
    },
    "5": {
      "approx": [
        0.6951745618511666,
        0.30482543814883345
      ],
      "exact": [
        0.6670885037232748,
        0.33291149627672556
      ],
      "l1_error": 0.05617211625578389
    }
  },
  "seed": 0
}