{
  "beta": 0.2,
  "bias_node": 0,
  "bp_damping": 0.3,
  "bp_max_iters": 50,
  "bp_tol": 1e-09,
  "favor_value": 0,
  "graph": "loopy",
  "h": 1.0,
  "max_l1_error": 7.148038549897873e-06,
  "mean_l1_error": 1.5731926129950817e-06,
  "method": "compare_exact_vs_bp",
  "n": 6,
  "per_node": {
    "0": {
      "approx": [
        0.7310621526492795,
        0.26893784735072046
      ],
      "exact": [
        0.7310585786300042,
        0.26894142136999505
      ],
      "l1_error": 7.148038549897873e-06
    },
    "1": {
      "approx": [
        0.5230520751598109,
        0.47694792484018916
      ],
      "exact": [
        0.523051718988942,
        0.47694828101105735
      ],
      "l1_error": 7.123417370968887e-07
    },
    "2": {
      "approx": [
        0.5025240473378593,
        0.4974759526621408
      ],
      "exact": [
        0.5025240087236263,
        0.49747599127637315
      ],
      "l1_error": 7.722846528945837e-08
    },
    "3": {
      "approx": [
        0.5230295011613071,
        0.47697049883869297
      ],
      "exact": [
        0.523029145172945,
        0.4769708548270543
      ],
      "l1_error": 7.119767234664565e-07
    },
    "4": {
      "approx": [
        0.5025240473378593,
        0.4974759526621408
      ],
      "exact": [
        0.5025240087236263,
        0.497475991276373
      ],
      "l1_error": 7.722846512292492e-08
    },
    "5": {
      "approx": [
        0.5230520751598109,
        0.47694792484018916
      ],
      "exact": [
        0.523051718988942,
        0.47694828101105735
      ],
      "l1_error": 7.123417370968887e-07
    }
  },
  "seed": 0
}