{
  "beta": 0.8,
  "bias_node": 0,
  "edges": [
    [
      0,
      1
    ],
    [
      1,
      2
    ],
    [
      0,
      3
    ],
    [
      2,
      4
    ],
    [
      4,
      5
    ]
  ],
  "favor_value": 0,
  "graph": "tree",
  "h": 1.0,
  "marginals": {
    "0": [
      0.731058578630005,
      0.2689414213699951
    ],
    "1": [
      0.5877904671706381,
      0.4122095328293623
    ],
    "2": [
      0.5333558968973856,
      0.46664410310261495
    ],
    "3": [
      0.587790467170638,
      0.4122095328293623
    ],
    "4": [
      0.5126735384112541,
      0.4873264615887465
    ],
    "5": [
      0.504815297767458,
      0.49518470223254263
    ]
  },
  "method": "exact_bruteforce",
  "n": 6,
  "partition_Z": 1298.2403079932342,
  "seed": 0
}