{
  "beta": 1.5,
  "bias_node": 0,
  "edges": [
    [
      0,
      1
    ],
    [
      1,
      2
    ],
    [
      0,
      3
    ],
    [
      2,
      4
    ],
    [
      4,
      5
    ],
    [
      0,
      5
    ]
  ],
  "favor_value": 0,
  "graph": "loopy",
  "h": 1.0,
  "marginals": {
    "0": [
      0.7310585786300055,
      0.2689414213699953
    ],
    "1": [
      0.6670885037232748,
      0.33291149627672556
    ],
    "2": [
      0.6381373029295958,
      0.36186269707040464
    ],
    "3": [
      0.6467566141569433,
      0.353243385843057
    ],
    "4": [
      0.6381373029295958,
      0.36186269707040464
    ],
    "5": [
      0.6670885037232748,
      0.33291149627672556
    ]
  },
  "method": "exact_bruteforce",
  "n": 6,
  "partition_Z": 55656.81048193347,
  "seed": 0
}