{
  "beta": 0.8,
  "bias_node": 0,
  "edges": [
    [
      0,
      1
    ],
    [
      1,
      2
    ],
    [
      0,
      3
    ],
    [
      2,
      4
    ],
    [
      4,
      5
    ],
    [
      0,
      5
    ]
  ],
  "favor_value": 0,
  "graph": "loopy",
  "h": 1.0,
  "marginals": {
    "0": [
      0.7310585786300051,
      0.2689414213699951
    ],
    "1": [
      0.5918782547984671,
      0.4081217452015332
    ],
    "2": [
      0.5456678284375034,
      0.45433217156249706
    ],
    "3": [
      0.5877904671706379,
      0.4122095328293627
    ],
    "4": [
      0.5456678284375034,
      0.4543321715624971
    ],
    "5": [
      0.5918782547984671,
      0.4081217452015332
    ]
  },
  "method": "exact_bruteforce",
  "n": 6,
  "partition_Z": 2110.342457486347,
  "seed": 0
}