{
  "beta": 0.2,
  "bias_node": 0,
  "edges": [
    [
      0,
      1
    ],
    [
      1,
      2
    ],
    [
      0,
      3
    ],
    [
      2,
      4
    ],
    [
      4,
      5
    ],
    [
      0,
      5
    ]
  ],
  "favor_value": 0,
  "graph": "loopy",
  "h": 1.0,
  "marginals": {
    "0": [
      0.7310585786300042,
      0.26894142136999505
    ],
    "1": [
      0.523051718988942,
      0.47694828101105735
    ],
    "2": [
      0.5025240087236263,
      0.49747599127637315
    ],
    "3": [
      0.523029145172945,
      0.4769708548270543
    ],
    "4": [
      0.5025240087236263,
      0.497475991276373
    ],
    "5": [
      0.523051718988942,
      0.47694828101105735
    ]
  },
  "method": "exact_bruteforce",
  "n": 6,
  "partition_Z": 223.3985862533842,
  "seed": 0
}